genus_species,genus,species,phylum,order,family,class
Abramis brama,Abramis,brama,NA,NA,Cyprinidae,Actinopteri
Abudefduf saxatilis,Abudefduf,saxatilis,NA,NA,Pomacentridae,Actinopteri
Acanthoclinus littoreus,Acanthoclinus,littoreus,NA,NA,Plesiopidae,Teleostei
Acanthopagrus latus,Acanthopagrus,latus,NA,NA,Sparidae,Actinopteri
Achirus mazatlanus,Achirus,mazatlanus,NA,NA,Achiridae,Teleostei
Acipenser brevirostrum,Acipenser,brevirostrum,NA,NA,Acipenseridae,Actinopteri
Acris crepitans,Acris,crepitans,NA,Anura,Hylidae,Amphibia
Agosia chrysogaster,Agosia,chrysogaster,Chordata,Cypriniformes,Cyprinidae,Actinopteri
Albula vulpes,Albula,vulpes,NA,NA,Albulidae,Actinopteri
Alburnus chalcoides,Alburnus,chalcoides,NA,NA,Cyprinidae,Actinopteri
Alosa pseudoharengus,Alosa,pseudoharengus,Chordata,Clupeiformes,Clupeidae,Actinopteri
Ambassis ambassis,Ambassis,ambassis,NA,NA,Ambassidae,Actinopteri
Ambassis kopsii,Ambassis,kopsii,NA,NA,Ambassidae,Teleostei
Ambloplites rupestris,Ambloplites,rupestris,NA,NA,Centrarchidae,Actinopteri
Ambystoma macrodactylum,Ambystoma,macrodactylum,Chordata,Caudata,Ambystomatidae,Amphibia
Ambystoma maculatum,Ambystoma,maculatum,Chordata,Caudata,Ambystomatidae,Amphibia
Ambystoma tigrinum,Ambystoma,tigrinum,NA,Caudata,Ambystomatidae,Amphibia
Ameiurus catus,Ameiurus,catus,NA,NA,Ictaluridae,Actinopteri
Ameiurus natalis,Ameiurus,natalis,NA,NA,Ictaluridae,Actinopteri
Ameiurus nebulosus,Ameiurus,nebulosus,NA,NA,Ictaluridae,Actinopteri
Anabas testudineus,Anabas,testudineus,NA,NA,Anabantidae,Actinopteri
Anaxyrus americanus,Anaxyrus,americanus,NA,Anura,Bufonidae,Amphibia
Anaxyrus boreas,Anaxyrus,boreas,NA,Anura,Bufonidae,Amphibia
Anaxyrus boreas,Anaxyrus,boreas,Chordata,Anura,Bufonidae,Amphibia
Anaxyrus canorus,Anaxyrus,canorus,NA,Anura,Bufonidae,Amphibia
Anaxyrus cognatus,Anaxyrus,cognatus,NA,Anura,Bufonidae,Amphibia
Anaxyrus compactilis,Anaxyrus,compactilis,NA,Anura,Bufonidae,Amphibia
Anaxyrus debilis,Anaxyrus,debilis,NA,Anura,Bufonidae,Amphibia
Anaxyrus exsul,Anaxyrus,exsul,NA,Anura,Bufonidae,Amphibia
Anaxyrus fowleri,Anaxyrus,fowleri,NA,Anura,Bufonidae,Amphibia
Anaxyrus nelsoni,Anaxyrus,nelsoni,NA,Anura,Bufonidae,Amphibia
Anaxyrus terrestris,Anaxyrus,terrestris,NA,Anura,Bufonidae,Amphibia
Anaxyrus woodhousii,Anaxyrus,woodhousii,NA,Anura,Bufonidae,Amphibia
Anguilla australis,Anguilla,australis,Chordata,Anguilliforme,Anguillidae,Actinopteri
Anolis distichus,Anolis,distichus,Chordata,Squamata,Iguanidae,Lepidosauria
Anolis sagrei,Anolis,sagrei,Chordata,Squamata,Iguanidae,Lepidosauria
Archoplites interruptus,Archoplites,interruptus,NA,NA,Centrarchidae,Actinopteri
Ascaphus truei,Ascaphus,truei,NA,Anura,Ascaphidae,Amphibia
Astyanax bimaculatus,Astyanax,bimaculatus,NA,NA,Characidae,Actinopteri
Astyanax lineatus,Astyanax,lineatus,NA,NA,Characidae,Actinopteri
Atrichum undulatum,Atrichum,undulatum,Streptophyta,Polytrichales,Polytrichaceae,Polytrichopsida
Barbatula barbatula,Barbatula,barbatula,NA,NA,Nemacheilidae,Actinopteri
Barbus barbus,Barbus,barbus,NA,NA,Cyprinidae,Actinopteri
Barilius bendelisis,Barilius,bendelisis,NA,NA,Cyprinidae,Actinopteri
Bathygobius fuscus,Bathygobius,fuscus,NA,NA,Gobiidae,Actinopteri
Belonesox belizanus,Belonesox,belizanus,NA,NA,Poeciliidae,Actinopteri
Boana faber,Boana,faber,NA,Anura,Hylidae,Amphibia
Bovichtus variegatus,Bovichtus,variegatus,NA,NA,Bovichtidae,Actinopteri
Bryconamericus thomasi,Bryconamericus,thomasi,NA,NA,Characidae,Actinopteri
Buergeria japonica,Buergeria,japonica,NA,Anura,Rhacophoridae,Amphibia
Bujurquina vittata,Bujurquina,vittata,NA,NA,Cichlidae,Actinopteri
Calathus melanocephalus,Calathus,melanocephalus,Arthropoda,Coleoptera,Carabidae,Insecta
Campostoma anomalum,Campostoma,anomalum,NA,NA,Cyprinidae,Actinopteri
Carassius auratus,Carassius,auratus,NA,NA,Cyprinidae,Actinopteri
Carassius carassius,Carassius,carassius,NA,NA,Cyprinidae,Actinopteri
Catostomus commersonii,Catostomus,commersonii,NA,NA,Catostomidae,Actinopteri
Catostomus latipinnis,Catostomus,latipinnis,NA,NA,Catostomidae,Actinopteri
Catostomus occidentalis,Catostomus,occidentalis,NA,NA,Catostomidae,Actinopteri
Chelmon rostratus,Chelmon,rostratus,NA,NA,Chaetodontidae,Actinopteri
Chelon subviridis,Chelon,subviridis,NA,NA,Mugilidae,Actinopteri
Chirodica chalcoptera,Chirodica,chalcoptera,Arthropoda,Coleoptera,Chrysomelidae,Insecta
Chrosomus eos,Chrosomus,eos,NA,NA,Cyprinidae,Actinopteri
Chrosomus erythrogaster,Chrosomus,erythrogaster,NA,NA,Cyprinidae,Actinopteri
Chrosomus neogaeus,Chrosomus,neogaeus,NA,NA,Cyprinidae,Actinopteri
Cirrhinus mrigala,Cirrhinus,mrigala,NA,NA,Cyprinidae,Actinopteri
Clarias gariepinus,Clarias,gariepinus,NA,NA,Clariidae,Actinopteri
Clinocottus analis,Clinocottus,analis,NA,NA,Cottidae,Actinopteri
Clinostomus elongatus,Clinostomus,elongatus,NA,NA,Cyprinidae,Actinopteri
Clupea pallasii,Clupea,pallasii,NA,NA,Clupeidae,Actinopteri
Cophixalus ornatus,Cophixalus,ornatus,NA,Anura,Microhylidae,Amphibia
Coregonus artedi,Coregonus,artedi,NA,NA,Salmonidae,Actinopteri
Coregonus clupeaformis,Coregonus,clupeaformis,NA,NA,Salmonidae,Actinopteri
Coregonus hoyi,Coregonus,hoyi,NA,NA,Salmonidae,Actinopteri
Coregonus maraenoides,Coregonus,maraenoides,NA,NA,Salmonidae,Actinopteri
Coregonus nasus,Coregonus,nasus,NA,NA,Salmonidae,Actinopteri
Coregonus widegreni,Coregonus,widegreni,NA,NA,Salmonidae,Actinopteri
Corydoras ehrhardti,Corydoras,ehrhardti,NA,NA,Callichthyidae,Actinopteri
Cottus bairdii,Cottus,bairdii,NA,NA,Cottidae,Actinopteri
Cottus carolinae,Cottus,carolinae,NA,NA,Cottidae,Actinopteri
Cottus cognatus,Cottus,cognatus,Chordata,Perciformes,Cottidae,Actinopteri
Cottus gobio,Cottus,gobio,NA,NA,Cottidae,Actinopteri
Cottus paulus,Cottus,paulus,NA,NA,Cottidae,Actinopteri
Cottus tallapoosae,Cottus,tallapoosae,NA,NA,Cottidae,Actinopteri
Couesius plumbeus,Couesius,plumbeus,NA,NA,Cyprinidae,Actinopteri
Craterocephalus stercusmuscarum,Craterocephalus,stercusmuscarum,NA,NA,Atherinidae,Actinopteri
Crinia signifera,Crinia,signifera,Chordata,Anura,Myobatrachidae,Amphibia
Cryptobranchus alleganiensis,Cryptobranchus,alleganiensis,NA,Caudata,Cryptobranchidae,Amphibia
Cryptopygus antarcticustravei,Cryptopygus,antarcticustravei,Arthropoda,Entomobryomorpha,Isotomidae,Entognatha
Ctenopharyngodon idella,Ctenopharyngodon,idella,NA,NA,Cyprinidae,Actinopteri
Cynoscion nebulosus,Cynoscion,nebulosus,NA,NA,Sciaenidae,Actinopteri
Cyprinella lutrensis,Cyprinella,lutrensis,NA,NA,Cyprinidae,Actinopteri
Cyprinion macrostomum,Cyprinion,macrostomum,NA,NA,Cyprinidae,Actinopteri
Cyprinodon bovinus,Cyprinodon,bovinus,NA,NA,Cyprinodontidae,Actinopteri
Cyprinodon dearborni,Cyprinodon,dearborni,NA,NA,Cyprinodontidae,Actinopteri
Cyprinodon macularius,Cyprinodon,macularius,Chordata,Cyprinodontiformes,Cyprinodontidae,Actinopteri
Cyprinodon nevadensis,Cyprinodon,nevadensis,NA,NA,Cyprinodontidae,Actinopteri
Cyprinodon rubrofluviatilis,Cyprinodon,rubrofluviatilis,NA,NA,Cyprinodontidae,Actinopteri
Cyprinodon salinus,Cyprinodon,salinus,NA,NA,Cyprinodontidae,Actinopteri
Cyprinodon sp.1,Cyprinodon,sp.1,Chordata,Cyprinodontiformes,Cyprinodontidae,Actinopteri
Cyprinodon variegatus,Cyprinodon,variegatus,NA,NA,Cyprinodontidae,Actinopteri
Cyprinus carpio,Cyprinus,carpio,NA,NA,Cyprinidae,Actinopteri
Danio dangila,Danio,dangila,NA,NA,Cyprinidae,Actinopteri
Danio rerio,Danio,rerio,NA,NA,Cyprinidae,Actinopteri
Dascyllus aruanus,Dascyllus,aruanus,NA,NA,Pomacentridae,Actinopteri
Dasyatis sabina,Dasyatis,sabina,Chordata,Myliobatiformes,Dasyatidae,Chondrichthyes
Dendropsophus molitor,Dendropsophus,molitor,Chordata,Anura,Hylidae,Amphibia
Dendropsophus molitor,Dendropsophus,molitor,NA,Anura,Hylidae,Amphibia
Desmognathus fuscus,Desmognathus,fuscus,Chordata,Caudata,Plethodontidae,Amphibia
Desmognathus quadramaculatus,Desmognathus,quadramaculatus,NA,Caudata,Plethodontidae,Amphibia
Dicentrarchus labrax,Dicentrarchus,labrax,NA,NA,Moronidae,Actinopteri
Dionda diaboli,Dionda,diaboli,NA,NA,Cyprinidae,Actinopteri
Dorosoma cepedianum,Dorosoma,cepedianum,NA,NA,Clupeidae,Actinopteri
Dorosoma petenense,Dorosoma,petenense,NA,NA,Clupeidae,Actinopteri
Dryophytes walkeri,Dryophytes,walkeri,NA,Anura,Hylidae,Amphibia
Eleutherodactylus coqui,Eleutherodactylus,coqui,Chordata,Anura,Leptodactylidae,Amphibia
Eleutherodactylus cundalli,Eleutherodactylus,cundalli,NA,Anura,Leptodactylidae,Amphibia
Eleutherodactylus gossei,Eleutherodactylus,gossei,NA,Anura,Leptodactylidae,Amphibia
Eleutherodactylus johnstonei,Eleutherodactylus,johnstonei,NA,Anura,Leptodactylidae,Amphibia
Eleutherodactylus planirostris,Eleutherodactylus,planirostris,NA,Anura,Leptodactylidae,Amphibia
Eleutherodactylus portoricensis,Eleutherodactylus,portoricensis,NA,Anura,Leptodactylidae,Amphibia
Eleutherodactylus portoricensus,Eleutherodactylus,portoricensus,Chordata,Anura,Eleutherodactylidae,Amphibia
Ellochelon vaigiensis,Ellochelon,vaigiensis,NA,NA,Mugilidae,Actinopteri
Engraulis japonicus,Engraulis,japonicus,NA,NA,Engraulidae,Actinopteri
Epinephelus fuscoguttatus,Epinephelus,fuscoguttatus,NA,NA,Serranidae,Actinopteri
Epinephelus tauvina,Epinephelus,tauvina,NA,NA,Serranidae,Actinopteri
Eremias multiocellata,Eremias,multiocellata,Chordata,Squamata,Lacertidae,Lepidosauria
Esox lucius,Esox,lucius,NA,NA,Esocidae,Actinopteri
Esox masquinongy,Esox,masquinongy,NA,NA,Esocidae,Actinopteri
Etheostoma blennioides,Etheostoma,blennioides,NA,NA,Percidae,Actinopteri
Etheostoma caeruleum,Etheostoma,caeruleum,NA,NA,Percidae,Actinopteri
Etheostoma cragini,Etheostoma,cragini,Chordata,Perciformes,Percidae,Actinopteri
Etheostoma flabellare,Etheostoma,flabellare,NA,NA,Percidae,Actinopteri
Etheostoma nigrum,Etheostoma,nigrum,NA,NA,Percidae,Actinopteri
Etheostoma spectabile,Etheostoma,spectabile,NA,NA,Percidae,Actinopteri
Etroplus suratensis,Etroplus,suratensis,NA,NA,Cichlidae,Actinopteri
Eurycea longicauda,Eurycea,longicauda,Chordata,Caudata,Plethodontidae,Amphibia
Eurycea lucifuga,Eurycea,lucifuga,Chordata,Caudata,Plethodontidae,Amphibia
Eurycea multiplicata,Eurycea,multiplicata,Chordata,Caudata,Plethodontidae,Amphibia
Fundulus heteroclitus,Fundulus,heteroclitus,NA,NA,Fundulidae,Actinopteri
Fundulus parvipinnis,Fundulus,parvipinnis,Chordata,Cyprinodontiformes,Fundulidae,Actinopteri
Fundulus zebrinus,Fundulus,zebrinus,NA,NA,Fundulidae,Actinopteri
Galaxias fasciatus,Galaxias,fasciatus,Chordata,Galaxiiformes,Galaxiidae,Actinopteri
Galaxias maculatus,Galaxias,maculatus,Chordata,Galaxiiformes,Galaxiidae,Actinopteri
Gambusia affinis,Gambusia,affinis,NA,NA,Poeciliidae,Actinopteri
Gasterosteus aculeatus,Gasterosteus,aculeatus,Chordata,Perciformes,Gasterosteidae,Actinopteri
Gastrophryne carolinensis,Gastrophryne,carolinensis,NA,Anura,Microhylidae,Amphibia
Gemma gemma,Gemma,gemma,Mollusca,Veneroida,Veneridae,Bivalvia
Geocrinia laevis,Geocrinia,laevis,NA,Anura,Myobatrachidae,Amphibia
Geocrinia victoriana,Geocrinia,victoriana,NA,Anura,Myobatrachidae,Amphibia
Geocrinia victoriana,Geocrinia,victoriana,Chordata,Anura,Myobatrachidae,Amphibia
Geophagus brasiliensis,Geophagus,brasiliensis,NA,NA,Cichlidae,Actinopteri
Gibelion catla,Gibelion,catla,NA,NA,Cyprinidae,Actinopteri
Gila elegans,Gila,elegans,Chordata,Cypriniformes,Cyprinidae,Actinopteri
Gila intermedia,Gila,intermedia,Chordata,Cypriniformes,Cyprinidae,Actinopteri
Gila robusta,Gila,robusta,Chordata,Cypriniformes,Cyprinidae,Actinopteri
Gillichthys mirabilis,Gillichthys,mirabilis,Chordata,Gobiiformes,Gobiidae,Actinopteri
Gobiesox strumosus,Gobiesox,strumosus,NA,NA,Gobiesocidae,Actinopteri
Gobio gobio,Gobio,gobio,NA,NA,Cyprinidae,Actinopteri
Gobiomorphus basalis,Gobiomorphus,basalis,NA,NA,Eleotridae,Actinopteri
Gobiomorphus cotidianus,Gobiomorphus,cotidianus,NA,NA,Eleotridae,Actinopteri
Gobiosoma chiquita,Gobiosoma,chiquita,NA,NA,Gobiidae,Actinopteri
Gymnocephalus cernua,Gymnocephalus,cernua,NA,NA,Percidae,Actinopteri
Gymnocharacinus bergii,Gymnocharacinus,bergii,NA,NA,Characidae,Actinopteri
Halichoeres nigrescens,Halichoeres,nigrescens,NA,NA,Labridae,Actinopteri
Halozetes belgicae,Halozetes,belgicae,Arthropoda,Oribatida,Ameronothridae,Arachnida
Halozetes fulvus,Halozetes,fulvus,Arthropoda,Oribatida,Ameronothridae,Arachnida
Halozetes marinus,Halozetes,marinus,Arthropoda,Oribatida,Ameronothridae,Arachnida
Halozetes marionensis,Halozetes,marionensis,Arthropoda,Oribatida,Ameronothridae,Arachnida
Hesperoleucus symmetricus,Hesperoleucus,symmetricus,NA,NA,Cyprinidae,Actinopteri
Heteropneustes fossilis,Heteropneustes,fossilis,NA,NA,Heteropneustidae,Actinopteri
Horabagrus brachysoma,Horabagrus,brachysoma,NA,NA,Bagridae,Actinopteri
Hyla alpina,Hyla,alpina,Chordata,Anura,Hylidae,Amphibia
Hypentelium nigricans,Hypentelium,nigricans,NA,NA,Catostomidae,Actinopteri
Hyperolius viridiflavus,Hyperolius,viridiflavus,NA,Anura,Hyperoliidae,Amphibia
Hypomesus transpacificus,Hypomesus,transpacificus,NA,NA,Osmeridae,Actinopteri
Hypophthalmichthys molitrix,Hypophthalmichthys,molitrix,NA,NA,Cyprinidae,Actinopteri
Hypophthalmichthys nobilis,Hypophthalmichthys,nobilis,NA,NA,Cyprinidae,Actinopteri
Hypseleotris galii,Hypseleotris,galii,NA,NA,Eleotridae,Actinopteri
Hypsoblennius gilberti,Hypsoblennius,gilberti,NA,NA,Blenniidae,Actinopteri
Hysterocarpus traskii,Hysterocarpus,traskii,NA,NA,Embiotocidae,Actinopteri
Ictalurus punctatus,Ictalurus,punctatus,NA,NA,Ictaluridae,Actinopteri
Incilius alvarius,Incilius,alvarius,NA,Anura,Bufonidae,Amphibia
Incilius marmoreus,Incilius,marmoreus,NA,Anura,Bufonidae,Amphibia
Incilius mazatlanensis,Incilius,mazatlanensis,NA,Anura,Bufonidae,Amphibia
Kuhlia sandvicensis,Kuhlia,sandvicensis,NA,NA,Kuhliidae,Actinopteri
Labeo rohita,Labeo,rohita,NA,NA,Cyprinidae,Actinopteri
Lates calcarifer,Lates,calcarifer,NA,NA,Centropomidae,Actinopteri
Lavinia exilicauda,Lavinia,exilicauda,NA,NA,Cyprinidae,Actinopteri
Leiostomus xanthurus,Leiostomus,xanthurus,NA,NA,Sciaenidae,Actinopteri
Lepidomeda copei,Lepidomeda,copei,NA,NA,Cyprinidae,Actinopteri
Lepidomeda mollispinis,Lepidomeda,mollispinis,NA,NA,Cyprinidae,Actinopteri
Lepomis cyanellus,Lepomis,cyanellus,NA,NA,Centrarchidae,Actinopteri
Lepomis gibbosus,Lepomis,gibbosus,NA,NA,Centrarchidae,Actinopteri
Lepomis macrochirus,Lepomis,macrochirus,NA,NA,Centrarchidae,Actinopteri
Leptodactylus melanonotus,Leptodactylus,melanonotus,NA,Anura,Leptodactylidae,Amphibia
Leuresthes sardina,Leuresthes,sardina,NA,NA,Atherinopsidae,Teleostei
Leuresthes tenuis,Leuresthes,tenuis,NA,NA,Atherinopsidae,Actinopteri
Limia melanonotata,Limia,melanonotata,NA,NA,Poeciliidae,Actinopteri
Limnodynastes dorsalis,Limnodynastes,dorsalis,Chordata,Anura,Hylidae,Amphibia
Limnodynastes dorsalis,Limnodynastes,dorsalis,Chordata,Anura,Myobatrachidae,Amphibia
Limnodynastes peroni,Limnodynastes,peroni,Chordata,Anura,Hylidae,Amphibia
Limnodynastes peronii,Limnodynastes,peronii,NA,Anura,Myobatrachidae,Amphibia
Limnodynastes tasmaniensis,Limnodynastes,tasmaniensis,Chordata,Anura,Myobatrachidae,Amphibia
Limnodynastes tasmaniensis,Limnodynastes,tasmaniensis,Chordata,Anura,Hylidae,Amphibia
Linepithema humile,Linepithema,humile,Arthropoda,Hymenoptera,Formicidae,Insecta
Lipophrys pholis,Lipophrys,pholis,NA,NA,Blenniidae,Actinopteri
Lithobates catesbeiana,Lithobates,catesbeiana,NA,Anura,Ranidae,Amphibia
Lithobates clamitans,Lithobates,clamitans,NA,Anura,Ranidae,Amphibia
Lithobates palmipes,Lithobates,palmipes,NA,Anura,Ranidae,Amphibia
Lithobates palustris,Lithobates,palustris,NA,Anura,Ranidae,Amphibia
Lithobates pipiens,Lithobates,pipiens,Chordata,Anura,Ranidae,Amphibia
Lithobates pipiens,Lithobates,pipiens,NA,Anura,Ranidae,Amphibia
Lithobates sylvaticus,Lithobates,sylvaticus,Chordata,Anura,Ranidae,Amphibia
Lithobates virgatipes,Lithobates,virgatipes,NA,Anura,Ranidae,Amphibia
Lithobates virgatipes,Lithobates,virgatipes,Chordata,Anura,Ranidae,Amphibia
Litoria bicolor,Litoria,bicolor,NA,Anura,Hylidae,Amphibia
Litoria ewingii,Litoria,ewingii,NA,Anura,Hylidae,Amphibia
Litoria ewingii,Litoria,ewingii,Chordata,Anura,Hylidae,Amphibia
Litoria fallax,Litoria,fallax,NA,Anura,Hylidae,Amphibia
Litoria fallax,Litoria,fallax,Chordata,Anura,Hylidae,Amphibia
Litoria peronii,Litoria,peronii,NA,Anura,Hylidae,Amphibia
Litoria peronii,Litoria,peronii,Chordata,Anura,Hylidae,Amphibia
Litoria rothii,Litoria,rothii,NA,Anura,Hylidae,Amphibia
Litoria rothii,Litoria,rothii,Chordata,Anura,Hylidae,Amphibia
Litoria rubella,Litoria,rubella,NA,Anura,Hylidae,Amphibia
Litoria rubella,Litoria,rubella,Chordata,Anura,Hylidae,Amphibia
Litoria verreauxii,Litoria,verreauxii,NA,Anura,Hylidae,Amphibia
Lota lota,Lota,lota,NA,NA,Lotidae,Actinopteri
Lutjanus malabaricus,Lutjanus,malabaricus,NA,NA,Lutjanidae,Actinopteri
Lutjanus vitta,Lutjanus,vitta,NA,NA,Lutjanidae,Actinopteri
Luxilus chrysocephalus,Luxilus,chrysocephalus,NA,NA,Cyprinidae,Actinopteri
Luxilus cornutus,Luxilus,cornutus,NA,NA,Cyprinidae,Actinopteri
Meda fulgida,Meda,fulgida,Chordata,Cypriniformes,Cyprinidae,Actinopteri
Melanotaenia splendida,Melanotaenia,splendida,NA,NA,Melanotaeniidae,Actinopteri
Metacarcinus magister,Metacarcinus,magister,Arthropoda,Decapoda,Cancridae,Malacostraca
Microgadus tomcod,Microgadus,tomcod,NA,NA,Gadidae,Actinopteri
Micropterus floridanus,Micropterus,floridanus,NA,NA,Centrarchidae,Actinopteri
Micropterus salmoides,Micropterus,salmoides,NA,NA,Centrarchidae,Actinopteri
Monacanthus chinensis,Monacanthus,chinensis,NA,NA,Monacanthidae,Actinopteri
Morone americana,Morone,americana,NA,NA,Moronidae,Actinopteri
Morone chrysops,Morone,chrysops,NA,NA,Moronidae,Actinopteri
Morone saxatilis,Morone,saxatilis,NA,NA,Moronidae,Actinopteri
Moxostoma robustum,Moxostoma,robustum,NA,NA,Catostomidae,Actinopteri
Mugil cephalus,Mugil,cephalus,NA,NA,Mugilidae,Actinopteri
Mulinia lateralis,Mulinia,lateralis,Mollusca,Veneroida,Mactridae,Bivalvia
Mya arenaria,Mya,arenaria,Mollusca,Myoida,Myidae,Bivalvia
Mylopharodon conocephalus,Mylopharodon,conocephalus,NA,NA,Cyprinidae,Actinopteri
Myrmecocystus depilis,Myrmecocystus,depilis,Arthropoda,Hymenoptera,Formicidae,Insecta
Myro kerguelenensis,Myro,kerguelenensis,Arthropoda,Araneae,Desidae,Euchelicerata
Necturus maculosus,Necturus,maculosus,NA,Caudata,Proteidae,Amphibia
Neolissochilus hexagonolepis,Neolissochilus,hexagonolepis,NA,NA,Cyprinidae,Actinopteri
Notemigonus crysoleucas,Notemigonus,crysoleucas,NA,NA,Cyprinidae,Actinopteri
Notolabrus celidotus,Notolabrus,celidotus,NA,NA,Labridae,Actinopteri
Notophthalmus viridescens,Notophthalmus,viridescens,NA,Caudata,Salamandridae,Amphibia
Notothenia angustata,Notothenia,angustata,NA,NA,Nototheniidae,Actinopteri
Notropis atherinoides,Notropis,atherinoides,NA,NA,Cyprinidae,Actinopteri
Notropis hudsonius,Notropis,hudsonius,NA,NA,Cyprinidae,Actinopteri
Notropis topeka,Notropis,topeka,NA,NA,Cyprinidae,Actinopteri
Oligocottus maculosus,Oligocottus,maculosus,NA,NA,Cottidae,Actinopteri
Oncorhynchus apache,Oncorhynchus,apache,NA,NA,Salmonidae,Actinopteri
Oncorhynchus clarkii,Oncorhynchus,clarkii,Chordata,Salmoniformes,Salmonidae,Actinopteri
Oncorhynchus gilae,Oncorhynchus,gilae,NA,NA,Salmonidae,Actinopteri
Oncorhynchus gorbuscha,Oncorhynchus,gorbuscha,NA,NA,Salmonidae,Actinopteri
Oncorhynchus keta,Oncorhynchus,keta,NA,NA,Salmonidae,Actinopteri
Oncorhynchus kisutch,Oncorhynchus,kisutch,NA,NA,Salmonidae,Actinopteri
Oncorhynchus mykiss,Oncorhynchus,mykiss,NA,NA,Salmonidae,Actinopteri
Oncorhynchus nerka,Oncorhynchus,nerka,NA,NA,Salmonidae,Actinopteri
Oncorhynchus tshawytscha,Oncorhynchus,tshawytscha,NA,NA,Salmonidae,Actinopteri
Oreochromis mossambicus,Oreochromis,mossambicus,NA,NA,Cichlidae,Actinopteri
Orthodon microlepidotus,Orthodon,microlepidotus,NA,NA,Cyprinidae,Actinopteri
Oryzias melastigma,Oryzias,melastigma,NA,NA,Adrianichthyidae,Actinopteri
Osmerus mordax,Osmerus,mordax,NA,NA,Osmeridae,Actinopteri
Ostorhinchus aureus,Ostorhinchus,aureus,NA,NA,Apogonidae,Actinopteri
Ostorhinchus novemfasciatus,Ostorhinchus,novemfasciatus,NA,NA,Apogonidae,Actinopteri
Pacifastacus leniusculus,Pacifastacus,leniusculus,Arthropoda,Decapoda,Astacidae,Malacostraca
Pagrus major,Pagrus,major,NA,NA,Sparidae,Actinopteri
Palirhoeus eatoni,Palirhoeus,eatoni,Arthropoda,Coleoptera,Brachyceridae,Insecta
Pangasius pangasius,Pangasius,pangasius,NA,NA,Pangasiidae,Actinopteri
Pantosteus clarkii,Pantosteus,clarkii,Chordata,Cypriniformes,Catostomidae,Actinopteri
Pantosteus platyrhynchus,Pantosteus,platyrhynchus,NA,NA,Catostomidae,Actinopteri
Parabramis pekinensis,Parabramis,pekinensis,NA,NA,Cyprinidae,Actinopteri
Paralichthys californicus,Paralichthys,californicus,NA,NA,Paralichthyidae,Actinopteri
Paralichthys lethostigma,Paralichthys,lethostigma,NA,NA,Paralichthyidae,Actinopteri
Perca flavescens,Perca,flavescens,NA,NA,Percidae,Actinopteri
Perca fluviatilis,Perca,fluviatilis,NA,NA,Percidae,Actinopteri
Perccottus glenii,Perccottus,glenii,NA,NA,Odontobutidae,Actinopteri
Petrosaurus mearnsi,Petrosaurus,mearnsi,Chordata,Squamata,Phrynosomatidae,Lepidosauria
Philoria frosti,Philoria,frosti,NA,Anura,Myobatrachidae,Amphibia
Physalaemus cuvieri,Physalaemus,cuvieri,NA,Anura,Leptodactylidae,Amphibia
Pimephales notatus,Pimephales,notatus,NA,NA,Cyprinidae,Actinopteri
Pimephales promelas,Pimephales,promelas,NA,NA,Cyprinidae,Actinopteri
Plagopterus argentissimus,Plagopterus,argentissimus,NA,NA,Cyprinidae,Actinopteri
Plethodon glutinosus,Plethodon,glutinosus,Chordata,Caudata,Plethodontidae,Amphibia
Pleurodema diplolister,Pleurodema,diplolister,NA,Anura,Leptodactylidae,Amphibia
Plotosus lineatus,Plotosus,lineatus,NA,NA,Plotosidae,Actinopteri
Podacarus auberti,Podacarus,auberti,Arthropoda,Oribatida,Ameronothridae,Arachnida
Poecilia reticulata,Poecilia,reticulata,NA,NA,Poeciliidae,Actinopteri
Poecilia sphenops,Poecilia,sphenops,NA,NA,Poeciliidae,Actinopteri
Poeciliopsis occidentalis,Poeciliopsis,occidentalis,Chordata,Cyprinodontiformes,Poeciliidae,Actinopteri
Pogonichthys macrolepidotus,Pogonichthys,macrolepidotus,Chordata,Cypriniformes,Cyprinidae,Actinopteri
Pomatoschistus minutus,Pomatoschistus,minutus,NA,NA,Gobiidae,Actinopteri
Pomoxis annularis,Pomoxis,annularis,NA,NA,Centrarchidae,Actinopteri
Pomoxis nigromaculatus,Pomoxis,nigromaculatus,NA,NA,Centrarchidae,Actinopteri
Premnas biaculeatus,Premnas,biaculeatus,NA,NA,Pomacentridae,Actinopteri
Prinerigone vagans,Prinerigone,vagans,Arthropoda,Araneae,Desidae,Arachnida
Prochilodus lineatus,Prochilodus,lineatus,NA,NA,Prochilodontidae,Actinopteri
Protobothrops mucrosquamatus,Protobothrops,mucrosquamatus,Chordata,Squamata,Viperidae,Lepidosauria
Pseudacris cadaverina,Pseudacris,cadaverina,NA,Anura,Hylidae,Amphibia
Pseudacris regilla,Pseudacris,regilla,NA,Anura,Hylidae,Amphibia
Pseudacris triseriata,Pseudacris,triseriata,Chordata,Anura,Hylidae,Amphibia
Pseudobagrus vachellii,Pseudobagrus,vachellii,NA,NA,Bagridae,Actinopteri
Pseudocaranx dentex,Pseudocaranx,dentex,NA,NA,Carangidae,Actinopteri
Pseudocrenilabrus multicolor,Pseudocrenilabrus,multicolor,NA,NA,Cichlidae,Actinopteri
Pseudophryne bibroni,Pseudophryne,bibroni,Chordata,Anura,Hylidae,Amphibia
Pseudophryne bibronii,Pseudophryne,bibronii,NA,Anura,Myobatrachidae,Amphibia
Pseudophryne corroboree,Pseudophryne,corroboree,NA,Anura,Myobatrachidae,Amphibia
Pterophyllum scalare,Pterophyllum,scalare,NA,NA,Cichlidae,Actinopteri
Ptychocheilus grandis,Ptychocheilus,grandis,NA,NA,Cyprinidae,Actinopteri
Pygocentrus nattereri,Pygocentrus,nattereri,NA,NA,Serrasalmidae,Actinopteri
Quietula y,Quietula,y,NA,NA,Gobiidae,Teleostei
Rana boylii,Rana,boylii,NA,Anura,Ranidae,Amphibia
Rana cascadae,Rana,cascadae,NA,Anura,Ranidae,Amphibia
Rana chensinensis,Rana,chensinensis,NA,Anura,Ranidae,Amphibia
Rana pretiosa,Rana,pretiosa,NA,Anura,Ranidae,Amphibia
Ranoidea aurea,Ranoidea,aurea,NA,Anura,Hylidae,Amphibia
Ranoidea aurea,Ranoidea,aurea,Chordata,Anura,Hylidae,Amphibia
Ranoidea caerulea,Ranoidea,caerulea,NA,Anura,Hylidae,Amphibia
Ranoidea caerulea,Ranoidea,caerulea,Chordata,Anura,Hylidae,Amphibia
Ranoidea chloris,Ranoidea,chloris,NA,Anura,Hylidae,Amphibia
Ranoidea chloris,Ranoidea,chloris,Chordata,Anura,Hylidae,Amphibia
Ranoidea citropa,Ranoidea,citropa,NA,Anura,Hylidae,Amphibia
Ranoidea gracilenta,Ranoidea,gracilenta,Chordata,Anura,Hylidae,Amphibia
Ranoidea lesueurii,Ranoidea,lesueurii,NA,Anura,Hylidae,Amphibia
Ranoidea lesueurii,Ranoidea,lesueurii,Chordata,Anura,Hylidae,Amphibia
Ranoidea phyllochroa,Ranoidea,phyllochroa,NA,Anura,Hylidae,Amphibia
Ranoidea phyllochroa,Ranoidea,phyllochroa,Chordata,Anura,Hylidae,Amphibia
Retropinna retropinna,Retropinna,retropinna,Chordata,Osmeriformes,Retropinnidae,Actinopteri
Rhaebo haematiticus,Rhaebo,haematiticus,NA,Anura,Bufonidae,Amphibia
Rhinella icterica,Rhinella,icterica,NA,Anura,Bufonidae,Amphibia
Rhinella marina,Rhinella,marina,NA,Anura,Bufonidae,Amphibia
Rhinichthys atratulus,Rhinichthys,atratulus,NA,NA,Cyprinidae,Actinopteri
Rhinichthys cobitis,Rhinichthys,cobitis,Chordata,Cypriniformes,Cyprinidae,Actinopteri
Rhinichthys osculus,Rhinichthys,osculus,NA,NA,Cyprinidae,Actinopteri
Rhinomugil corsula,Rhinomugil,corsula,NA,NA,Mugilidae,Actinopteri
Rhyacotriton variegatus,Rhyacotriton,variegatus,NA,Anura,Rhyacotritonidae,Amphibia
Rutilus rutilus,Rutilus,rutilus,NA,NA,Cyprinidae,Actinopteri
Rypticus nigripinnis,Rypticus,nigripinnis,NA,NA,Serranidae,Actinopteri
Salmo salar,Salmo,salar,Chordata,Salmoniformes,Salmonidae,Actinopteri
Salmo trutta,Salmo,trutta,NA,NA,Salmonidae,Actinopteri
Salvelinus alpinus,Salvelinus,alpinus,NA,NA,Salmonidae,Actinopteri
Salvelinus confluentus,Salvelinus,confluentus,NA,NA,Salmonidae,Actinopteri
Salvelinus fontinalis,Salvelinus,fontinalis,NA,NA,Salmonidae,Actinopteri
Salvelinus namaycush,Salvelinus,namaycush,NA,NA,Salmonidae,Actinopteri
Sander canadensis,Sander,canadensis,NA,NA,Percidae,Actinopteri
Sander lucioperca,Sander,lucioperca,NA,NA,Percidae,Actinopteri
Sander vitreus,Sander,vitreus,NA,NA,Percidae,Actinopteri
Sardinops sagax,Sardinops,sagax,NA,NA,Clupeidae,Actinopteri
Scaphiopus holbrookii,Scaphiopus,holbrookii,NA,Anura,Scaphiopodidae,Amphibia
Scardinius erythrophthalmus,Scardinius,erythrophthalmus,NA,NA,Cyprinidae,Actinopteri
Schizothorax kozlovi,Schizothorax,kozlovi,NA,NA,Cyprinidae,Actinopteri
Sciaenops ocellatus,Sciaenops,ocellatus,NA,NA,Sciaenidae,Actinopteri
Scleromystax barbatus,Scleromystax,barbatus,NA,NA,Callichthyidae,Actinopteri
Semotilus atromaculatus,Semotilus,atromaculatus,NA,NA,Cyprinidae,Actinopteri
Seriola quinqueradiata,Seriola,quinqueradiata,NA,NA,Carangidae,Actinopteri
Siganus canaliculatus,Siganus,canaliculatus,NA,NA,Siganidae,Actinopteri
Sillago sihama,Sillago,sihama,NA,NA,Sillaginidae,Actinopteri
Silurus glanis,Silurus,glanis,NA,NA,Siluridae,Actinopteri
Silurus meridionalis,Silurus,meridionalis,NA,NA,Siluridae,Actinopteri
Siphateles bicolor mohavensis,Siphateles,bicolor mohavensis,Chordata,Cypriniformes,Cyprinidae,Actinopteri
Siphateles bicolor,Siphateles,bicolor,NA,NA,Cyprinidae,Actinopteri
Smilisca baudinii,Smilisca,baudinii,NA,Anura,Hylidae,Amphibia
Smilisca fodiens,Smilisca,fodiens,NA,Anura,Hylidae,Amphibia
Spea hammondii,Spea,hammondii,Chordata,Anura,Scaphiopodidae,Amphibia
Spea hammondii,Spea,hammondii,Chordata,Anura,Pelobatidae,Amphibia
Sphenomorphus incognitus,Sphenomorphus,incognitus,Chordata,Squamata,Scincidae,Lepidosauria
Sphenomorphus taiwanensis,Sphenomorphus,taiwanensis,Chordata,Squamata,Scincidae,Reptilia
Sphoeroides annulatus,Sphoeroides,annulatus,NA,NA,Tetraodontidae,Actinopteri
Spinibarbus sinensis,Spinibarbus,sinensis,NA,NA,Cyprinidae,Actinopteri
Squalius cephalus,Squalius,cephalus,NA,NA,Cyprinidae,Actinopteri
Stenotomus chrysops,Stenotomus,chrysops,NA,NA,Sparidae,Actinopteri
Taeniura lymma,Taeniura,lymma,NA,NA,Dasyatidae,Chondrichthyes
Takydromus formosanus,Takydromus,formosanus,Chordata,Squamata,Lacertidae,Lepidosauria
Takydromus hsuehshaner,Takydromus,hsuehshaner,Chordata,Squamata,Lacertidae,Reptilia
Takydromus stejnegeri,Takydromus,stejnegeri,Chordata,Squamata,Lacertidae,Lepidosauria
Terapon jarbua,Terapon,jarbua,NA,NA,Terapontidae,Actinopteri
Terapon theraps,Terapon,theraps,NA,NA,Terapontidae,Actinopteri
Thamnophis elegans,Thamnophis,elegans,Chordata,Squamata,Colubridae,Lepidosauria
Thymallus arcticus,Thymallus,arcticus,NA,NA,Salmonidae,Actinopteri
Thymallus thymallus,Thymallus,thymallus,NA,NA,Salmonidae,Actinopteri
Tinca tinca,Tinca,tinca,NA,NA,Cyprinidae,Actinopteri
Tlalocohyla smithii,Tlalocohyla,smithii,NA,Anura,Hylidae,Amphibia
Tomicodon humeralis,Tomicodon,humeralis,NA,NA,Gobiesocidae,Actinopteri
Tor putitora,Tor,putitora,NA,NA,Cyprinidae,Actinopteri
Trachurus japonicus,Trachurus,japonicus,NA,NA,Carangidae,Actinopteri
Tridentiger bifasciatus,Tridentiger,bifasciatus,NA,NA,Gobiidae,Actinopteri
Trimeresurus gracilis,Trimeresurus,gracilis,Chordata,Squamata,Viperidae,Lepidosauria
Trimeresurus stejnegeri,Trimeresurus,stejnegeri,Chordata,Squamata,Viperidae,Lepidosauria
Triturus dobrogicus,Triturus,dobrogicus,NA,Caudata,Salamandridae,Amphibia
Tullbergia bisetosa,Tullbergia,bisetosa,Arthropoda,Poduromorpha,Tullbergiidae,Collembola
Valamugil engeli,Valamugil,engeli,NA,NA,Mugilidae,Actinopteri
Xantusia vigilis,Xantusia,vigilis,Chordata,Squamata,Xantusiidae,Lepidosauria
Xenopus laevis,Xenopus,laevis,NA,Anura,Pipidae,Amphibia
Xiphophorus maculatus,Xiphophorus,maculatus,NA,NA,Poeciliidae,Actinopteri
Xiphophorus variatus,Xiphophorus,variatus,NA,NA,Poeciliidae,Actinopteri
Xyrauchen texanus,Xyrauchen,texanus,Chordata,Cypriniformes,Catostomidae,Actinopteri
Zoarces viviparus,Zoarces,viviparus,Chordata,Perciformes,Zoarcidae,Actinopteri
